{"name":null,"assets":"aoy4:pathy27:assets%2Fdata%2Flevel0.jsony4:sizei5058y4:typey4:TEXTy2:idR1y7:preloadtgoR0y27:assets%2Fdata%2Flevel1.jsonR2i5162R3R4R5R7R6tgoR0y28:assets%2Fdata%2Flevel10.jsonR2i5582R3R4R5R8R6tgoR0y28:assets%2Fdata%2Flevel11.jsonR2i5590R3R4R5R9R6tgoR0y28:assets%2Fdata%2Flevel12.jsonR2i5638R3R4R5R10R6tgoR0y28:assets%2Fdata%2Flevel13.jsonR2i5687R3R4R5R11R6tgoR0y28:assets%2Fdata%2Flevel14.jsonR2i6361R3R4R5R12R6tgoR0y27:assets%2Fdata%2Flevel2.jsonR2i5269R3R4R5R13R6tgoR0y27:assets%2Fdata%2Flevel3.jsonR2i5220R3R4R5R14R6tgoR0y27:assets%2Fdata%2Flevel4.jsonR2i5428R3R4R5R15R6tgoR0y27:assets%2Fdata%2Flevel5.jsonR2i5113R3R4R5R16R6tgoR0y27:assets%2Fdata%2Flevel6.jsonR2i5537R3R4R5R17R6tgoR0y27:assets%2Fdata%2Flevel7.jsonR2i5163R3R4R5R18R6tgoR0y27:assets%2Fdata%2Flevel8.jsonR2i6213R3R4R5R19R6tgoR0y27:assets%2Fdata%2Flevel9.jsonR2i6159R3R4R5R20R6tgoR0y24:assets%2Fdata%2Fmap.ogmoR2i43741R3R4R5R21R6tgoR0y38:assets%2Fdata_tutorial%2Ftutorial.jsonR2i5086R3R4R5R22R6tgoR0y38:assets%2Fdata_tutorial%2Ftutorial.ogmoR2i38273R3R4R5R23R6tgoR0y23:assets%2Fimages%2Fa.pngR2i28931R3y5:IMAGER5R24R6tgoR0y28:assets%2Fimages%2Farcher.pngR2i28719R3R25R5R26R6tgoR0y27:assets%2Fimages%2Farrow.PNGR2i1483R3R25R5R27R6tgoR0y23:assets%2Fimages%2Fb.pngR2i176323R3R25R5R28R6tgoR0y26:assets%2Fimages%2Fback.jpgR2i64220R3R25R5R29R6tgoR0y35:assets%2Fimages%2Fback_adjusted.jpgR2i24989R3R25R5R30R6tgoR0y26:assets%2Fimages%2Fbird.pngR2i3536R3R25R5R31R6tgoR0y23:assets%2Fimages%2Fc.pngR2i290576R3R25R5R32R6tgoR0y26:assets%2Fimages%2Fcoin.pngR2i984R3R25R5R33R6tgoR0y27:assets%2Fimages%2Fenemy.pngR2i2405R3R25R5R34R6tgoR0y31:assets%2Fimages%2Fgeography.pdfR2i41129R3y6:BINARYR5R35R6tgoR0y28:assets%2Fimages%2Fhealth.pngR2i984R3R25R5R37R6tgoR0y36:assets%2Fimages%2Fimages-go-here.txtR2zR3R4R5R38R6tgoR0y28:assets%2Fimages%2Fplayer.pngR2i1876R3R25R5R39R6tgoR0y32:assets%2Fimages%2Fplayer_img.PNGR2i5378R3R25R5R40R6tgoR0y41:assets%2Fimages%2Fplayer_img_adjusted.pngR2i2195R3R25R5R41R6tgoR0y33:assets%2Fimages%2Fplayer_ours.pngR2i4340R3R25R5R42R6tgoR0y32:assets%2Fimages%2Fprojectile.pngR2i1533R3R25R5R43R6tgoR0y28:assets%2Fimages%2Fshadow.pngR2i42760R3R25R5R44R6tgoR0y28:assets%2Fimages%2Fspider.pngR2i6961R3R25R5R45R6tgoR0y27:assets%2Fimages%2Ftiles.pngR2i1056R3R25R5R46R6tgoR0y26:assets%2Fimages%2Ftrap.pngR2i863R3R25R5R47R6tgoR0y27:assets%2Fimages%2Ftroll.pngR2i220170R3R25R5R48R6tgoR0y36:assets%2Fmusic%2Fmusic-goes-here.txtR2zR3R4R5R49R6tgoR0y36:assets%2Fsounds%2Fsounds-go-here.txtR2zR3R4R5R50R6tgoR0y45:assets%2FTexture%2FTX%20Chest%20Animation.pngR2i28931R3R25R5R51R6tgoR0y44:assets%2FTexture%2FTX%20Tileset%20Ground.pngR2i176323R3R25R5R52R6tgoR0y43:assets%2FTexture%2FTX%20Village%20Props.pngR2i290576R3R25R5R53R6tgoR2i2114R3y5:MUSICR5y26:flixel%2Fsounds%2Fbeep.mp3y9:pathGroupaR55y26:flixel%2Fsounds%2Fbeep.ogghR6tgoR2i39706R3R54R5y28:flixel%2Fsounds%2Fflixel.mp3R56aR58y28:flixel%2Fsounds%2Fflixel.ogghR6tgoR2i5794R3y5:SOUNDR5R57R56aR55R57hgoR2i33629R3R60R5R59R56aR58R59hgoR2i15744R3y4:FONTy9:classNamey35:__ASSET__flixel_fonts_nokiafc22_ttfR5y30:flixel%2Ffonts%2Fnokiafc22.ttfR6tgoR2i29724R3R61R62y36:__ASSET__flixel_fonts_monsterrat_ttfR5y31:flixel%2Ffonts%2Fmonsterrat.ttfR6tgoR0y33:flixel%2Fimages%2Fui%2Fbutton.pngR2i519R3R25R5R67R6tgoR0y36:flixel%2Fimages%2Flogo%2Fdefault.pngR2i3280R3R25R5R68R6tgh","rootPath":null,"version":2,"libraryArgs":[],"libraryType":null}